Name,Coord,,,,,,,
TDN cam 2/ch01_00000000004011700.jpg,46 610,147 620,255 623,440 640,1164 718,1493 747,,
TDN cam 2/ch01_00000000004011800.jpg,52 610,147 620,255 623,437 641,624 657,1161 719,1494 747,
TDN cam 2/ch01_00000000004011900.jpg,46 610,148 618,257 623,437 640,625 657,1164 719,1493 748,1805 768
TDN cam 2/ch01_00000000004012000.jpg,46 610,148 620,256 626,437 641,627 657,1160 720,1495 746,1804 753
TDN cam 2/ch01_00000000004012100.jpg,45 610,149 619,256 624,435 642,626 656,1161 718,1496 748,1804 752
TDN cam 2/ch01_00000000004012200.jpg,42 609,147 620,256 626,438 641,626 656,1164 714,1803 743,
TDN cam 2/ch01_00000000004012300.jpg,45 609,147 620,255 624,438 642,625 657,1161 718,1805 751,
TDN cam 2/ch01_00000000004012400.jpg,45 610,256 626,439 640,621 657,1164 719,1803 752,,
TDN cam 2/ch01_00000000004012500.jpg,47 611,255 626,438 641,625 654,1155 718,1801 753,,
TDN cam 2/ch01_00000000004012600.jpg,47 610,255 626,436 642,626 651,1160 713,1798 752,,
TDN cam 2/ch01_00000000004012700.jpg,255 626,434 641,625 651,1159 716,1796 752,,,
TDN cam 2/ch01_00000000004012800.jpg,257 623,436 642,626 649,1160 720,1795 750,,,
TDN cam 2/ch01_00000000004012900.jpg,46 610,130 628,434 642,626 650,1159 717,1797 752,,
TDN cam 2/ch01_00000000004013000.jpg,243 626,436 642,626 650,1159 718,1800 751,,,
TDN cam 2/ch01_00000000004013100.jpg,55 609,435 641,627 650,1159 720,1802 752,,,
TDN cam 2/ch01_00000000004013200.jpg,435 641,625 649,1160 716,1796 751,,,,
TDN cam 2/ch01_00000000004013300.jpg,63 608,440 641,626 649,1158 720,1802 751,,,
TDN cam 2/ch01_00000000004013400.jpg,441 621,639 626,1180 719,1803 753,,,,
TDN cam 2/ch01_00000000004013500.jpg,434 641,625 649,1160 719,1803 751,,,,
TDN cam 2/ch01_00000000004013600.jpg,434 641,625 649,1160 719,1802 750,,,,
TDN cam 2/ch01_00000000004013700.jpg,433 641,626 649,1159 717,1798 750,,,,
TDN cam 2/ch01_00000000004013800.jpg,435 643,626 650,1159 718,1799 751,,,,
TDN cam 2/ch01_00000000004013900.jpg,435 640,626 649,1159 718,1793 751,,,,
TDN cam 2/ch01_00000000004014000.jpg,434 641,625 649,1158 719,1798 752,,,,
TDN cam 2/ch01_00000000004014100.jpg,434 641,626 649,1159 720,1797 751,,,,
TDN cam 2/ch01_00000000004014200.jpg,435 641,626 650,1174 722,1791 751,,,,
TDN cam 2/ch01_00000000004014300.jpg,440 641,1159 720,1790 752,,,,,
TDN cam 2/ch01_00000000004014400.jpg,440 642,1160 718,1799 750,,,,,
TDN cam 2/ch01_00000000004014500.jpg,440 641,1158 720,1796 751,,,,,
TDN cam 2/ch01_00000000004014600.jpg,442 640,1159 718,1797 750,,,,,
TDN cam 2/ch01_00000000004014700.jpg,441 640,1158 719,1802 751,,,,,
TDN cam 2/ch01_00000000004014800.jpg,441 641,1159 718,1804 751,,,,,
TDN cam 2/ch01_00000000004014900.jpg,441 642,1158 715,1800 750,,,,,
TDN cam 2/ch01_00000000004015000.jpg,440 641,1158 719,1801 751,,,,,
TDN cam 2/ch01_00000000004015100.jpg,440 641,1159 719,1796 749,,,,,
TDN cam 2/ch01_00000000004015200.jpg,442 641,1159 719,1801 751,,,,,
TDN cam 2/ch01_00000000004015300.jpg,441 642,1158 719,1801 751,,,,,
TDN cam 2/ch01_00000000004015400.jpg,442 641,1160 721,1801 752,,,,,
TDN cam 2/ch01_00000000004015500.jpg,440 641,729 670,1159 721,1795 752,,,,
TDN cam 2/ch01_00000000004015600.jpg,441 641,1160 721,1798 750,,,,,
TDN cam 2/ch01_00000000004015700.jpg,441 642,1161 723,1797 751,,,,,
TDN cam 2/ch01_00000000004015800.jpg,440 641,1158 722,1793 750,,,,,
TDN cam 2/ch01_00000000004015900.jpg,442 641,1159 720,1797 749,,,,,
TDN cam 2/ch01_00000000004016000.jpg,436 642,827 671,1159 720,1800 751,,,,
TDN cam 2/ch01_00000000004016100.jpg,272 616,440 641,833 671,1159 720,1798 751,,,
TDN cam 2/ch01_00000000004016200.jpg,271 618,439 641,835 669,1158 717,1799 749,,,
TDN cam 2/ch01_00000000004016300.jpg,270 618,440 641,833 672,1158 719,1793 746,,,
TDN cam 2/ch01_00000000004016400.jpg,269 618,440 641,833 671,1158 718,1796 752,,,
TDN cam 2/ch01_00000000004016500.jpg,269 615,440 641,836 671,1158 719,1794 752,,,
TDN cam 2/ch01_00000000004016600.jpg,272 619,439 642,833 672,1158 721,1798 750,,,
TDN cam 2/ch01_00000000004016700.jpg,269 617,440 642,833 671,1159 718,1795 752,,,
TDN cam 2/ch01_00000000004016800.jpg,270 618,439 641,833 672,1158 718,1791 751,,,
TDN cam 2/ch01_00000000004016900.jpg,269 618,440 641,833 672,1159 718,1795 751,,,
TDN cam 2/ch01_00000000004017000.jpg,270 618,440 641,833 672,1158 718,1792 749,,,
TDN cam 2/ch01_00000000004017100.jpg,269 618,439 641,833 672,1158 718,1791 749,,,
TDN cam 2/ch01_00000000004017200.jpg,270 618,440 641,832 672,1158 716,1790 751,,,
TDN cam 2/ch01_00000000004017300.jpg,269 618,440 641,832 672,1160 718,1798 751,,,
TDN cam 2/ch01_00000000004017400.jpg,269 617,439 641,833 672,1158 718,1792 749,,,
TDN cam 2/ch01_00000000004017500.jpg,16 614,270 618,440 641,834 672,1159 718,1793 749,,
TDN cam 2/ch01_00000000004017600.jpg,270 618,438 642,832 672,1159 718,1796 750,,,
TDN cam 2/ch01_00000000004017700.jpg,272 618,440 641,832 672,1158 718,1790 751,,,
TDN cam 2/ch01_00000000004017800.jpg,270 618,438 641,833 672,1158 718,1793 750,,,
TDN cam 2/ch01_00000000004017900.jpg,270 618,439 641,834 672,1159 714,1792 750,,,
TDN cam 2/ch01_00000000004018000.jpg,269 618,440 641,833 672,1160 718,1791 749,,,
TDN cam 2/ch01_00000000004018100.jpg,271 618,439 641,833 673,1158 717,1794 749,,,
TDN cam 2/ch01_00000000004018200.jpg,270 618,439 641,832 673,1158 717,1789 749,,,
TDN cam 2/ch01_00000000004018300.jpg,271 618,440 642,834 672,1159 718,1789 753,,,
TDN cam 2/ch01_00000000004018400.jpg,270 618,439 641,833 673,1159 718,1791 749,,,
TDN cam 2/ch01_00000000004018500.jpg,270 617,439 641,833 672,1159 718,1790 748,,,
TDN cam 2/ch01_00000000004018600.jpg,269 617,438 641,833 672,1158 717,1801 749,,,
TDN cam 2/ch01_00000000004018700.jpg,271 617,440 641,833 672,1157 717,1800 749,,,
TDN cam 2/ch01_00000000004018800.jpg,270 618,439 641,834 672,1159 718,1797 748,,,
TDN cam 2/ch01_00000000004018900.jpg,270 617,440 641,834 673,1159 719,1801 762,,,
TDN cam 2/ch01_00000000004019000.jpg,271 617,439 641,833 673,1159 719,1799 760,,,
TDN cam 2/ch01_00000000004019100.jpg,272 617,440 641,834 673,1159 717,1804 750,,,
TDN cam 2/ch01_00000000004019200.jpg,271 617,438 642,833 673,1158 720,1802 758,,,
TDN cam 2/ch01_00000000004019300.jpg,271 617,439 641,834 673,1159 719,1798 758,,,
TDN cam 2/ch01_00000000004019400.jpg,271 617,439 641,833 673,1159 719,1801 751,,,
TDN cam 2/ch01_00000000004019500.jpg,272 617,439 641,834 673,1158 719,1803 756,,,
TDN cam 2/ch01_00000000004019600.jpg,270 617,440 641,834 673,1165 721,1803 753,,,
TDN cam 2/ch01_00000000004019700.jpg,271 617,439 641,833 673,1158 719,1802 757,,,
TDN cam 2/ch01_00000000004019800.jpg,272 617,439 641,834 672,1158 719,1802 754,,,
TDN cam 2/ch01_00000000004019900.jpg,271 617,439 641,834 672,1159 718,1801 759,,,
TDN cam 2/ch01_00000000004020000.jpg,271 617,439 642,833 673,1159 718,1803 759,,,
TDN cam 2/ch01_00000000004020100.jpg,271 616,438 641,833 673,1159 718,1803 762,,,
TDN cam 2/ch01_00000000004020200.jpg,271 617,440 641,834 673,1159 719,1803 753,,,
TDN cam 2/ch01_00000000004020300.jpg,271 617,434 642,836 675,1159 719,1803 752,,,
TDN cam 2/ch01_00000000004020400.jpg,271 617,439 642,1160 720,1802 750,,,,
TDN cam 2/ch01_00000000004020500.jpg,270 617,438 641,1159 719,1803 763,,,,
TDN cam 2/ch01_00000000004020600.jpg,270 617,438 641,1159 719,1803 749,,,,
TDN cam 2/ch01_00000000004020700.jpg,270 616,439 642,1159 719,1804 750,,,,
TDN cam 2/ch01_00000000004020800.jpg,271 617,440 641,1159 718,1803 749,,,,
TDN cam 2/ch01_00000000004020900.jpg,271 617,439 642,1159 719,1803 749,,,,
TDN cam 2/ch01_00000000004021000.jpg,271 617,440 641,1159 719,1802 760,,,,
TDN cam 2/ch01_00000000004021100.jpg,270 617,439 641,1159 718,1803 758,,,,
TDN cam 2/ch01_00000000004021200.jpg,270 617,438 641,1160 719,1803 750,,,,
TDN cam 2/ch01_00000000004021300.jpg,271 616,439 641,1159 719,1803 759,,,,
TDN cam 2/ch01_00000000004021400.jpg,271 617,438 641,1159 719,1802 761,,,,
TDN cam 2/ch01_00000000004021500.jpg,271 617,439 641,1159 719,1804 757,,,,
TDN cam 2/ch01_00000000004021600.jpg,270 617,439 641,1159 718,1804 750,,,,
TDN cam 2/ch01_00000000004021700.jpg,271 617,439 641,1159 719,1802 759,,,,
TDN cam 2/ch01_00000000004021800.jpg,270 617,439 641,1160 720,1803 759,,,,
TDN cam 2/ch01_00000000004021900.jpg,270 617,439 641,1160 718,1802 756,,,,
TDN cam 2/ch01_00000000004022000.jpg,270 617,439 641,1160 719,1803 752,,,,
TDN cam 2/ch01_00000000004022100.jpg,270 617,439 641,1159 719,1802 761,,,,
TDN cam 2/ch01_00000000004022200.jpg,268 615,439 641,1160 718,1804 753,,,,
TDN cam 2/ch01_00000000004022300.jpg,271 617,439 641,1160 720,1804 751,,,,
TDN cam 2/ch01_00000000004022400.jpg,271 617,439 641,1161 719,1801 763,,,,
TDN cam 2/ch01_00000000004022500.jpg,270 617,439 641,1159 718,1803 756,,,,
TDN cam 2/ch01_00000000004022600.jpg,271 617,438 641,1159 719,1804 755,,,,
TDN cam 2/ch01_00000000004022700.jpg,270 617,439 641,1159 718,1803 753,,,,
TDN cam 2/ch01_00000000004022800.jpg,271 616,439 641,1160 719,1802 750,,,,
TDN cam 2/ch01_00000000004022900.jpg,271 617,439 641,1160 719,1804 757,,,,
TDN cam 2/ch01_00000000004023000.jpg,271 616,438 641,1159 718,1803 760,,,,
TDN cam 2/ch01_00000000004023100.jpg,270 617,440 641,1160 719,1803 760,,,,
TDN cam 2/ch01_00000000004023200.jpg,271 617,439 642,1159 719,1803 762,,,,
TDN cam 2/ch01_00000000004023300.jpg,270 617,439 641,1160 719,1801 756,,,,
TDN cam 2/ch01_00000000004023400.jpg,271 617,439 642,1160 719,1802 748,,,,
TDN cam 2/ch01_00000000004023500.jpg,271 616,439 641,1160 719,1802 751,,,,
TDN cam 2/ch01_00000000004023600.jpg,271 617,439 641,1161 719,1803 748,,,,
TDN cam 2/ch01_00000000004023700.jpg,271 617,439 641,1160 719,1803 761,,,,
TDN cam 2/ch01_00000000004023800.jpg,271 617,439 641,1160 719,1803 759,,,,
TDN cam 2/ch01_00000000004023900.jpg,270 617,439 642,1159 718,1802 761,,,,
TDN cam 2/ch01_00000000004024000.jpg,270 617,439 641,1160 718,1803 756,,,,
TDN cam 2/ch01_00000000004024100.jpg,271 617,438 641,1159 718,1804 749,,,,
TDN cam 2/ch01_00000000004024200.jpg,270 617,439 641,1159 718,1801 761,,,,
TDN cam 2/ch01_00000000004024300.jpg,271 617,438 641,1159 719,1804 752,,,,
TDN cam 2/ch01_00000000004024400.jpg,270 617,439 641,1159 719,1803 752,,,,
TDN cam 2/ch01_00000000004024500.jpg,272 617,438 641,1159 719,1803 754,,,,
TDN cam 2/ch01_00000000004024600.jpg,270 617,439 641,1158 719,1803 755,,,,
TDN cam 2/ch01_00000000004024700.jpg,270 617,439 641,1159 720,1803 759,,,,
TDN cam 2/ch01_00000000004024800.jpg,271 617,439 641,1159 719,1803 763,,,,
TDN cam 2/ch01_00000000004024900.jpg,271 617,439 641,1159 719,1802 764,,,,
TDN cam 2/ch01_00000000004025000.jpg,271 617,439 641,1159 720,1800 763,,,,
TDN cam 2/ch01_00000000004025100.jpg,270 617,438 641,1159 719,1801 758,,,,
TDN cam 2/ch01_00000000004025200.jpg,270 617,439 642,1159 719,1801 758,,,,
TDN cam 2/ch01_00000000004025300.jpg,271 617,438 641,1159 719,1803 760,,,,
TDN cam 2/ch01_00000000004025400.jpg,271 616,439 641,1160 719,1802 757,,,,
TDN cam 2/ch01_00000000004025500.jpg,271 617,439 641,1159 719,1802 760,,,,
TDN cam 2/ch01_00000000004025600.jpg,271 617,439 641,1160 719,1798 764,,,,
TDN cam 2/ch01_00000000004025700.jpg,270 617,439 641,1160 719,1802 760,,,,
TDN cam 2/ch01_00000000004025800.jpg,271 617,439 641,1160 719,1803 756,,,,
TDN cam 2/ch01_00000000004025900.jpg,270 617,439 641,1160 719,1803 761,,,,
TDN cam 2/ch01_00000000004026000.jpg,271 617,439 641,1159 720,1803 761,,,,
TDN cam 2/ch01_00000000004026100.jpg,271 617,440 641,1159 719,1803 763,,,,
TDN cam 2/ch01_00000000004026200.jpg,270 617,440 642,1159 719,1802 765,,,,
TDN cam 2/ch01_00000000004026300.jpg,271 617,439 642,1159 718,1801 762,,,,
TDN cam 2/ch01_00000000004026400.jpg,271 617,439 641,1158 718,1804 762,,,,
TDN cam 2/ch01_00000000004026500.jpg,271 617,439 642,1160 719,1802 759,,,,
TDN cam 2/ch01_00000000004026600.jpg,270 617,439 641,1160 721,1802 764,,,,
TDN cam 2/ch01_00000000004026700.jpg,88 602,272 617,439 642,1160 719,1803 759,,,
TDN cam 2/ch01_00000000004026800.jpg,88 602,272 617,439 642,1159 717,1801 766,,,
TDN cam 2/ch01_00000000004026900.jpg,88 602,271 617,439 641,1160 719,1800 763,,,
TDN cam 2/ch01_00000000004027000.jpg,270 616,439 642,1159 719,1801 763,,,,
TDN cam 2/ch01_00000000004027100.jpg,87 602,270 618,440 642,1163 719,1804 750,,,
TDN cam 2/ch01_00000000004027200.jpg,87 604,271 617,439 641,1159 718,1802 762,,,
TDN cam 2/ch01_00000000004027300.jpg,87 602,271 617,440 641,1168 720,1802 758,,,
TDN cam 2/ch01_00000000004027400.jpg,88 601,270 617,439 641,1158 719,1801 766,,,
TDN cam 2/ch01_00000000004027500.jpg,88 602,270 617,439 641,1160 719,1803 758,,,
TDN cam 2/ch01_00000000004027600.jpg,88 601,269 616,441 641,1160 719,1804 751,,,
TDN cam 2/ch01_00000000004027700.jpg,88 603,270 617,439 641,1158 718,1803 749,,,
TDN cam 2/ch01_00000000004027800.jpg,265 617,519 663,1159 717,1803 751,,,,
TDN cam 2/ch01_00000000004027900.jpg,89 603,270 617,441 642,897 688,1158 716,1803 750,,
TDN cam 2/ch01_00000000004028000.jpg,89 602,271 618,441 640,900 687,1160 715,1802 752,,
TDN cam 2/ch01_00000000004028100.jpg,83 605,271 618,440 641,896 691,1803 754,,,
TDN cam 2/ch01_00000000004028200.jpg,87 602,270 618,440 639,898 688,1803 755,,,
TDN cam 2/ch01_00000000004028300.jpg,87 602,270 618,440 640,898 688,1802 753,,,
TDN cam 2/ch01_00000000004028400.jpg,86 602,269 617,441 641,897 688,1803 753,,,
TDN cam 2/ch01_00000000004028500.jpg,898 688,1803 754,,,,,,
TDN cam 2/ch01_00000000004028600.jpg,86 602,272 618,441 639,899 688,1803 753,,,
TDN cam 2/ch01_00000000004028700.jpg,87 601,440 640,899 688,1803 755,,,,
TDN cam 2/ch01_00000000004028800.jpg,79 602,440 640,898 688,1803 752,,,,
TDN cam 2/ch01_00000000004028900.jpg,78 602,441 640,898 688,1805 752,,,,
TDN cam 2/ch01_00000000004029000.jpg,81 602,440 640,898 688,1803 754,,,,
TDN cam 2/ch01_00000000004029100.jpg,86 602,441 640,897 688,1803 752,,,,
TDN cam 2/ch01_00000000004029200.jpg,82 602,440 640,897 688,1803 752,,,,
TDN cam 2/ch01_00000000004029300.jpg,82 602,440 640,898 688,1802 754,,,,
TDN cam 2/ch01_00000000004029400.jpg,83 602,439 640,898 688,1799 752,,,,
TDN cam 2/ch01_00000000004029500.jpg,81 602,442 640,898 688,1329 702,1803 754,,,
TDN cam 2/ch01_00000000004029600.jpg,85 602,441 640,898 688,1330 700,1803 753,,,
TDN cam 2/ch01_00000000004029700.jpg,78 602,440 640,896 680,1330 703,1804 752,,,
TDN cam 2/ch01_00000000004029800.jpg,83 602,441 640,897 688,1803 751,,,,
TDN cam 2/ch01_00000000004029900.jpg,79 602,440 640,897 688,1803 752,,,,
TDN cam 2/ch01_00000000004030000.jpg,81 602,441 640,896 688,1802 751,,,,
TDN cam 2/ch01_00000000004030100.jpg,86 601,441 640,903 690,1803 753,,,,
TDN cam 2/ch01_00000000004030200.jpg,74 601,437 641,897 686,1804 755,,,,
TDN cam 2/ch01_00000000004030300.jpg,84 603,441 640,897 688,1803 753,,,,
TDN cam 2/ch01_00000000004030400.jpg,87 602,441 640,897 688,1804 753,,,,
TDN cam 2/ch01_00000000004030500.jpg,87 602,450 641,896 687,1802 751,,,,
TDN cam 2/ch01_00000000004030600.jpg,85 602,441 641,897 688,1803 751,,,,
TDN cam 2/ch01_00000000004030700.jpg,87 602,441 640,896 687,1482 732,1804 753,,,
TDN cam 2/ch01_00000000004030800.jpg,86 602,441 640,896 687,1483 733,,,,
TDN cam 2/ch01_00000000004030900.jpg,85 602,425 640,900 684,1483 743,,,,
TDN cam 2/ch01_00000000004031000.jpg,86 602,278 629,441 641,897 688,1482 733,1892 752,,
TDN cam 2/ch01_00000000004031100.jpg,84 602,278 629,441 640,897 688,1481 732,,,
TDN cam 2/ch01_00000000004031200.jpg,85 600,440 640,901 684,1479 732,,,,
TDN cam 2/ch01_00000000004031300.jpg,83 601,441 640,897 688,1482 729,,,,
TDN cam 2/ch01_00000000004031400.jpg,88 600,173 623,438 639,897 688,1483 732,,,
TDN cam 2/ch01_00000000004031500.jpg,89 600,172 622,441 640,897 688,1486 731,,,
TDN cam 2/ch01_00000000004031600.jpg,84 600,172 623,279 627,442 640,897 688,1483 731,,
TDN cam 2/ch01_00000000004031700.jpg,87 600,168 626,279 627,440 639,897 688,1482 732,1795 753,
TDN cam 2/ch01_00000000004031800.jpg,87 600,173 623,278 628,457 641,897 688,1484 732,1796 752,
TDN cam 2/ch01_00000000004031900.jpg,88 601,171 623,278 627,441 640,897 687,1483 732,1794 752,
TDN cam 2/ch01_00000000004032000.jpg,93 599,166 626,278 627,441 640,897 688,1483 732,1794 753,
TDN cam 2/ch01_00000000004032100.jpg,95 601,170 623,279 627,442 640,897 688,1483 732,1796 752,
TDN cam 2/ch01_00000000004032200.jpg,170 623,278 627,441 641,897 687,1483 732,1794 752,,
TDN cam 2/ch01_00000000004032300.jpg,171 623,279 627,438 642,897 688,1137 710,1478 730,1793 752,
TDN cam 2/ch01_00000000004032400.jpg,88 601,171 623,279 627,441 640,896 687,1138 710,1478 731,1794 752
TDN cam 2/ch01_00000000004032500.jpg,87 600,171 623,278 627,441 640,898 684,1138 707,1480 731,1794 752
TDN cam 2/ch01_00000000004032600.jpg,87 600,170 623,277 627,440 640,896 687,1137 707,1481 732,1796 752
TDN cam 2/ch01_00000000004032700.jpg,87 600,165 626,282 628,441 640,1139 706,1481 728,1795 752,
TDN cam 2/ch01_00000000004032800.jpg,84 600,171 623,278 627,441 640,1140 710,1479 731,1801 751,
TDN cam 2/ch01_00000000004032900.jpg,88 600,169 623,440 640,1137 711,1485 740,1792 752,,
TDN cam 2/ch01_00000000004033000.jpg,89 599,159 627,431 639,1138 712,1482 731,1794 752,,
TDN cam 2/ch01_00000000004033100.jpg,89 599,179 628,440 640,1137 713,1485 723,1797 753,,
TDN cam 2/ch01_00000000004033200.jpg,87 600,172 623,440 640,1140 718,1484 732,1793 752,,
TDN cam 2/ch01_00000000004033300.jpg,88 600,172 623,440 640,1139 712,1484 731,1795 753,,
TDN cam 2/ch01_00000000004033400.jpg,88 600,168 623,271 631,433 641,1138 713,1483 730,1796 753,
TDN cam 2/ch01_00000000004033500.jpg,89 599,169 623,272 634,442 640,1139 713,1483 732,1795 752,
TDN cam 2/ch01_00000000004033600.jpg,87 600,169 623,273 631,442 640,1137 712,1484 732,1800 752,1827 834
TDN cam 2/ch01_00000000004033700.jpg,83 599,168 622,274 631,440 640,1138 713,1483 734,1793 752,
TDN cam 2/ch01_00000000004033800.jpg,111 650,177 621,440 637,1134 712,1803 753,,,
TDN cam 2/ch01_00000000004033900.jpg,90 600,172 622,441 638,1140 706,1803 753,,,
TDN cam 2/ch01_00000000004034000.jpg,89 599,172 623,440 639,1140 712,1803 753,,,
TDN cam 2/ch01_00000000004034100.jpg,85 600,172 623,440 640,1139 712,1803 753,,,
TDN cam 2/ch01_00000000004034200.jpg,87 600,173 623,441 641,1140 712,,,,
TDN cam 2/ch01_00000000004034300.jpg,86 602,440 640,1139 711,,,,,
TDN cam 2/ch01_00000000004034400.jpg,87 600,441 641,1141 713,,,,,
TDN cam 2/ch01_00000000004034500.jpg,88 601,261 620,440 641,1137 712,1500 742,,,
TDN cam 2/ch01_00000000004034600.jpg,85 602,440 640,1140 714,1439 735,,,,
TDN cam 2/ch01_00000000004034700.jpg,86 603,289 618,441 640,1145 713,1439 735,,,
TDN cam 2/ch01_00000000004034800.jpg,86 602,289 618,440 640,1136 713,1439 735,,,
TDN cam 2/ch01_00000000004034900.jpg,85 602,289 618,441 640,1136 707,,,,
TDN cam 2/ch01_00000000004035000.jpg,85 602,290 619,440 640,1140 712,,,,
TDN cam 2/ch01_00000000004035100.jpg,86 602,445 640,1137 708,1434 771,,,,
TDN cam 2/ch01_00000000004035200.jpg,86 601,440 638,1139 712,,,,,
TDN cam 2/ch01_00000000004035300.jpg,85 602,441 640,1140 713,,,,,
TDN cam 2/ch01_00000000004035400.jpg,86 602,440 639,1140 712,,,,,
TDN cam 2/ch01_00000000004035500.jpg,88 601,439 640,1141 712,,,,,
TDN cam 2/ch01_00000000004035600.jpg,87 601,440 640,679 672,1138 713,1525 744,,,
TDN cam 2/ch01_00000000004035700.jpg,18 606,440 640,678 673,1139 713,1525 744,,,
TDN cam 2/ch01_00000000004035800.jpg,18 606,121 612,440 640,679 671,1137 713,1526 745,,
TDN cam 2/ch01_00000000004035900.jpg,18 605,234 627,441 640,679 672,1137 714,1524 744,,
TDN cam 2/ch01_00000000004036000.jpg,15 615,65 617,234 628,441 640,681 672,1137 713,1524 745,
TDN cam 2/ch01_00000000004036100.jpg,15 616,66 617,234 627,440 640,680 672,1138 712,1525 744,
TDN cam 2/ch01_00000000004036200.jpg,15 606,66 617,170 619,296 630,440 640,679 672,1138 712,1525 746
TDN cam 2/ch01_00000000004036300.jpg,15 615,63 617,170 620,295 629,441 640,1138 712,,
TDN cam 2/ch01_00000000004036400.jpg,15 614,63 618,172 619,296 630,440 640,635 659,1139 713,
TDN cam 2/ch01_00000000004036500.jpg,16 614,63 618,170 619,296 630,440 640,636 651,1140 712,
TDN cam 2/ch01_00000000004036600.jpg,15 614,63 618,170 619,298 630,440 640,636 658,1140 713,
TDN cam 2/ch01_00000000004036700.jpg,15 607,63 618,170 619,295 630,441 638,635 657,1140 713,
TDN cam 2/ch01_00000000004036800.jpg,15 614,64 617,169 619,295 630,440 640,633 657,1140 713,
TDN cam 2/ch01_00000000004036900.jpg,15 607,68 620,172 619,288 630,440 640,633 658,1139 713,
TDN cam 2/ch01_00000000004037000.jpg,16 615,63 618,170 619,295 630,440 640,633 657,1140 713,
TDN cam 2/ch01_00000000004037100.jpg,18 606,169 619,295 630,440 639,631 658,1141 712,,
TDN cam 2/ch01_00000000004037200.jpg,169 620,295 631,440 640,639 660,1139 713,,,
TDN cam 2/ch01_00000000004037300.jpg,18 606,170 619,295 630,440 640,635 658,1140 714,1429 749,
TDN cam 2/ch01_00000000004037400.jpg,18 607,169 619,295 630,421 637,636 657,1137 713,1427 749,
TDN cam 2/ch01_00000000004037500.jpg,171 620,295 630,439 641,636 657,1136 713,1426 750,,
TDN cam 2/ch01_00000000004037600.jpg,18 606,168 620,297 630,440 640,635 657,1137 712,,
TDN cam 2/ch01_00000000004037700.jpg,17 606,168 620,294 630,439 640,635 657,1138 707,,
TDN cam 2/ch01_00000000004037800.jpg,16 608,75 619,169 619,295 630,440 638,636 657,1139 706,
TDN cam 2/ch01_00000000004037900.jpg,16 607,74 619,168 619,290 632,440 640,636 657,1138 706,
TDN cam 2/ch01_00000000004038000.jpg,16 608,73 620,166 620,295 630,439 641,635 658,1139 706,
TDN cam 2/ch01_00000000004038100.jpg,16 607,73 619,167 619,295 630,441 640,1138 706,,
TDN cam 2/ch01_00000000004038200.jpg,17 607,74 620,168 619,295 631,440 640,1140 706,,
TDN cam 2/ch01_00000000004038300.jpg,17 606,72 619,169 619,295 630,441 640,1139 706,,
TDN cam 2/ch01_00000000004038400.jpg,18 606,168 619,295 631,441 640,1137 707,,,
TDN cam 2/ch01_00000000004038500.jpg,18 607,170 620,296 630,441 640,659 663,1141 709,,
TDN cam 2/ch01_00000000004038600.jpg,18 607,171 619,294 630,441 640,653 663,1140 707,,
TDN cam 2/ch01_00000000004038700.jpg,41 628,168 620,295 631,441 640,654 663,1141 709,,
TDN cam 2/ch01_00000000004038800.jpg,16 608,71 619,171 619,295 630,442 640,661 664,1140 706,
TDN cam 2/ch01_00000000004038900.jpg,17 614,71 618,171 618,296 630,441 639,653 663,1139 712,
TDN cam 2/ch01_00000000004039000.jpg,16 614,71 618,172 619,295 631,441 640,654 663,1141 707,
TDN cam 2/ch01_00000000004039100.jpg,16 608,73 618,173 615,294 631,442 640,653 663,1140 707,
TDN cam 2/ch01_00000000004039200.jpg,16 608,71 618,174 618,295 630,442 640,653 663,1136 711,
TDN cam 2/ch01_00000000004039300.jpg,18 607,169 620,294 629,441 640,653 663,1138 710,,
TDN cam 2/ch01_00000000004039400.jpg,18 607,170 620,295 630,441 640,653 663,1139 711,,
TDN cam 2/ch01_00000000004039500.jpg,19 607,168 620,295 630,441 639,653 663,1140 712,,
TDN cam 2/ch01_00000000004039600.jpg,18 608,170 619,293 629,441 640,653 663,1137 707,,
TDN cam 2/ch01_00000000004039700.jpg,18 607,170 619,308 631,441 640,1140 708,,,
TDN cam 2/ch01_00000000004039800.jpg,18 607,168 619,295 631,441 640,1141 708,1888 838,,
TDN cam 2/ch01_00000000004039900.jpg,16 608,166 620,293 629,440 640,1140 708,,,
TDN cam 2/ch01_00000000004040000.jpg,15 615,67 612,170 620,295 630,439 640,1140 708,,
TDN cam 2/ch01_00000000004040100.jpg,63 611,169 620,296 630,441 640,1139 706,,,
TDN cam 2/ch01_00000000004040200.jpg,15 614,69 611,171 619,295 630,441 641,1140 706,,
TDN cam 2/ch01_00000000004040300.jpg,66 612,171 619,295 632,439 638,1140 706,,,
TDN cam 2/ch01_00000000004040400.jpg,71 612,171 618,295 630,441 640,1139 707,,,
TDN cam 2/ch01_00000000004040500.jpg,67 612,171 619,295 629,440 640,1140 710,,,
TDN cam 2/ch01_00000000004040600.jpg,19 607,168 619,295 630,441 640,1147 711,,,
TDN cam 2/ch01_00000000004040700.jpg,18 608,169 618,297 631,441 640,1139 709,,,
TDN cam 2/ch01_00000000004040800.jpg,19 606,169 618,299 629,441 640,1139 711,,,
TDN cam 2/ch01_00000000004040900.jpg,18 608,168 619,311 631,441 641,1140 708,,,
TDN cam 2/ch01_00000000004041000.jpg,19 606,169 619,293 631,441 639,1140 709,,,
TDN cam 2/ch01_00000000004041100.jpg,171 617,311 630,440 641,1138 709,,,,
TDN cam 2/ch01_00000000004041200.jpg,18 608,170 616,295 631,440 641,1136 705,,,
TDN cam 2/ch01_00000000004041300.jpg,171 616,296 629,439 640,1143 707,,,,
TDN cam 2/ch01_00000000004041400.jpg,170 616,294 630,438 640,1137 705,,,,
TDN cam 2/ch01_00000000004041500.jpg,171 615,293 628,440 641,1137 706,,,,
TDN cam 2/ch01_00000000004041600.jpg,170 615,292 628,440 640,1138 711,,,,
TDN cam 2/ch01_00000000004041700.jpg,169 615,290 629,440 641,1138 707,,,,
TDN cam 2/ch01_00000000004041800.jpg,33 602,168 615,292 628,439 641,1137 707,,,
TDN cam 2/ch01_00000000004041900.jpg,33 602,168 614,291 628,441 641,1138 708,,,
TDN cam 2/ch01_00000000004042000.jpg,32 600,168 614,292 628,441 639,1137 712,,,
TDN cam 2/ch01_00000000004042100.jpg,33 600,169 614,292 628,440 641,1135 710,,,
TDN cam 2/ch01_00000000004042200.jpg,31 603,169 614,290 629,441 642,1139 712,,,
TDN cam 2/ch01_00000000004042300.jpg,33 593,170 615,292 629,440 641,,,,
TDN cam 2/ch01_00000000004042400.jpg,33 599,168 615,291 628,440 641,,,,
TDN cam 2/ch01_00000000004042500.jpg,32 600,169 615,291 628,442 641,694 665,,,
TDN cam 2/ch01_00000000004042600.jpg,32 602,168 615,292 627,440 641,694 666,,,
TDN cam 2/ch01_00000000004042700.jpg,33 600,166 615,291 628,441 639,694 664,,,
TDN cam 2/ch01_00000000004042800.jpg,33 600,168 614,291 628,439 641,694 664,,,
TDN cam 2/ch01_00000000004042900.jpg,34 593,168 615,292 629,442 641,694 664,,,
TDN cam 2/ch01_00000000004043000.jpg,171 615,287 631,442 640,695 665,1092 717,,,
TDN cam 2/ch01_00000000004043100.jpg,33 594,168 614,291 630,441 640,696 664,,,
TDN cam 2/ch01_00000000004043200.jpg,33 604,170 614,290 628,439 642,695 664,,,
TDN cam 2/ch01_00000000004043300.jpg,291 629,440 640,693 665,,,,,
TDN cam 2/ch01_00000000004043400.jpg,35 594,291 629,440 641,695 665,,,,
TDN cam 2/ch01_00000000004043500.jpg,33 600,291 629,440 641,,,,,
TDN cam 2/ch01_00000000004043600.jpg,33 601,292 629,448 641,,,,,
TDN cam 2/ch01_00000000004043700.jpg,33 593,110 615,291 629,441 640,,,,
TDN cam 2/ch01_00000000004043800.jpg,31 602,109 613,290 629,440 641,,,,
TDN cam 2/ch01_00000000004043900.jpg,32 593,108 611,292 630,441 641,,,,
TDN cam 2/ch01_00000000004044000.jpg,32 594,110 613,290 631,440 641,,,,
TDN cam 2/ch01_00000000004044100.jpg,32 593,109 613,291 628,440 641,,,,
TDN cam 2/ch01_00000000004044200.jpg,32 593,109 613,288 628,442 640,,,,
TDN cam 2/ch01_00000000004044300.jpg,33 593,109 613,291 628,440 641,946 698,,,
TDN cam 2/ch01_00000000004044400.jpg,31 599,109 612,290 629,440 642,946 698,1824 764,,
TDN cam 2/ch01_00000000004044500.jpg,31 599,110 613,292 629,440 642,1826 771,1830 726,,
TDN cam 2/ch01_00000000004044600.jpg,32 600,109 613,290 629,441 641,1825 767,1851 721,,
TDN cam 2/ch01_00000000004044700.jpg,31 601,108 613,291 628,440 641,1824 763,,,
TDN cam 2/ch01_00000000004044800.jpg,32 600,109 613,291 630,440 641,1824 765,1836 723,,
TDN cam 2/ch01_00000000004044900.jpg,31 594,110 613,290 628,437 641,1825 773,1843 724,,
TDN cam 2/ch01_00000000004045000.jpg,109 612,291 630,440 641,1825 758,,,,
TDN cam 2/ch01_00000000004045100.jpg,31 602,107 615,289 630,440 642,1825 759,,,
TDN cam 2/ch01_00000000004045200.jpg,32 599,109 613,290 629,439 640,,,,
TDN cam 2/ch01_00000000004045300.jpg,31 601,108 613,291 628,438 641,,,,
TDN cam 2/ch01_00000000004045400.jpg,33 592,108 612,292 628,439 640,676 645,,,
TDN cam 2/ch01_00000000004045500.jpg,32 594,108 613,289 629,439 640,674 646,,,
TDN cam 2/ch01_00000000004045600.jpg,32 593,109 613,281 630,443 642,,,,
TDN cam 2/ch01_00000000004045700.jpg,34 593,109 613,293 628,,,,,
TDN cam 2/ch01_00000000004045800.jpg,32 600,108 613,293 628,,,,,
TDN cam 2/ch01_00000000004045900.jpg,34 592,108 613,294 628,,,,,
TDN cam 2/ch01_00000000004046000.jpg,109 613,292 628,,,,,,
TDN cam 2/ch01_00000000004046100.jpg,34 593,108 613,294 629,,,,,
TDN cam 2/ch01_00000000004046200.jpg,110 612,293 629,,,,,,
TDN cam 2/ch01_00000000004046300.jpg,32 602,109 613,294 630,,,,,
TDN cam 2/ch01_00000000004046400.jpg,108 613,293 629,,,,,,
TDN cam 2/ch01_00000000004046500.jpg,32 599,108 611,293 628,,,,,
TDN cam 2/ch01_00000000004046600.jpg,34 594,109 613,294 628,,,,,
TDN cam 2/ch01_00000000004046700.jpg,34 594,104 613,293 628,,,,,
TDN cam 2/ch01_00000000004046800.jpg,34 594,109 613,294 628,,,,,
TDN cam 2/ch01_00000000004046900.jpg,34 594,109 613,294 628,983 700,,,,
TDN cam 2/ch01_00000000004047000.jpg,35 594,109 612,294 627,982 699,,,,
TDN cam 2/ch01_00000000004047100.jpg,33 599,111 613,293 628,985 697,,,,
TDN cam 2/ch01_00000000004047200.jpg,34 594,110 613,294 628,983 699,,,,
TDN cam 2/ch01_00000000004047300.jpg,32 599,109 613,294 628,982 700,,,,
TDN cam 2/ch01_00000000004047400.jpg,30 600,109 613,294 628,984 699,,,,
TDN cam 2/ch01_00000000004047500.jpg,32 602,109 613,294 627,982 699,,,,
TDN cam 2/ch01_00000000004047600.jpg,31 600,109 613,294 628,672 643,982 699,,,
TDN cam 2/ch01_00000000004047700.jpg,33 601,110 613,294 630,982 700,,,,
TDN cam 2/ch01_00000000004047800.jpg,33 602,110 613,293 630,980 700,,,,
TDN cam 2/ch01_00000000004047900.jpg,33 601,109 613,294 629,981 700,,,,
